predictor,predictor.1,predictor.2,predictor.3,predictor.4,predictor.5,predictor.6,predictor.7,predictor.8,predictor.9,north,south,outcomes
0.1425287356321839,0.1379310344827586,0.0758620689655172,0.0988505747126436,0.0758620689655172,0.1011494252873563,0.0597701149425287,0.0298850574712643,0.1425287356321839,0.135632183908046,1,0,1
0.1504424778761062,0.1216814159292035,0.077433628318584,0.1061946902654867,0.077433628318584,0.1084070796460177,0.0398230088495575,0.0508849557522123,0.1504424778761062,0.1172566371681416,1,0,1
0.1614349775784753,0.1053811659192825,0.0874439461883408,0.1188340807174887,0.0246636771300448,0.1143497757847533,0.0269058295964125,0.1143497757847533,0.1278026905829596,0.1188340807174887,1,0,1
0.1556503198294243,0.0831556503198294,0.1577825159914712,0.0831556503198294,0.0959488272921108,0.1194029850746268,0.0319829424307036,0.1002132196162046,0.0383795309168443,0.1343283582089552,1,0,1
0.1451612903225806,0.0625,0.1008064516129032,0.1129032258064516,0.1028225806451613,0.1149193548387096,0.0383064516129032,0.1169354838709677,0.1431451612903226,0.0625,1,0,1
0.136,0.048,0.112,0.11,0.114,0.11,0.054,0.134,0.134,0.048,1,0,1
0.132034632034632,0.0389610389610389,0.132034632034632,0.0411255411255411,0.132034632034632,0.1125541125541125,0.0822510822510822,0.158008658008658,0.1298701298701298,0.0411255411255411,1,0,1
0.0976058931860036,0.0294659300184162,0.1197053406998158,0.0847145488029466,0.1197053406998158,0.0865561694290976,0.0920810313075506,0.1381215469613259,0.0939226519337016,0.1381215469613259,1,0,1
0.1011235955056179,0.0359550561797752,0.148314606741573,0.0943820224719101,0.148314606741573,0.0921348314606741,0.1505617977528089,0.0921348314606741,0.098876404494382,0.0382022471910112,1,0,1
0.0813186813186813,0.0417582417582417,0.145054945054945,0.0791208791208791,0.145054945054945,0.0769230769230769,0.1604395604395604,0.145054945054945,0.0813186813186813,0.0439560439560439,1,0,1
0.0709382151029748,0.0549199084668192,0.1464530892448512,0.068649885583524,0.1464530892448512,0.0709382151029748,0.1853546910755149,0.1281464530892448,0.0709382151029748,0.05720823798627,1,0,1
0.0609480812641083,0.0722347629796839,0.1354401805869074,0.0586907449209932,0.1963882618510158,0.0632054176072234,0.1986455981941309,0.0632054176072234,0.09255079006772,0.0586907449209932,1,0,1
0.0595238095238095,0.0952380952380952,0.0619047619047619,0.0952380952380952,0.1285714285714285,0.0547619047619047,0.2,0.0761904761904762,0.1928571428571428,0.0357142857142857,1,0,1
0.0685279187817258,0.1218274111675127,0.1243654822335025,0.0583756345177665,0.1218274111675127,0.0558375634517766,0.2030456852791878,0.0532994923857868,0.0710659898477157,0.1218274111675127,1,0,1
0.0794871794871794,0.141025641025641,0.1102564102564102,0.0615384615384615,0.1076923076923077,0.0615384615384615,0.1846153846153846,0.0307692307692307,0.082051282051282,0.141025641025641,1,0,1
0.0887850467289719,0.1401869158878504,0.0887850467289719,0.1425233644859813,0.0887850467289719,0.0630841121495327,0.1425233644859813,0.014018691588785,0.0911214953271028,0.1401869158878504,1,0,1
0.132564841498559,0.1815561959654178,0.0979827089337175,0.0922190201729106,0.0979827089337175,0.0951008645533141,0.138328530259366,0.0115273775216138,0.1412103746397694,0.0115273775216138,1,0,1
0.1213483146067415,0.1415730337078651,0.0741573033707865,0.0831460674157303,0.0719101123595505,0.0853932584269663,0.0741573033707865,0.0853932584269663,0.1235955056179775,0.1393258426966292,1,0,1
0.1425287356321839,0.1379310344827586,0.0758620689655172,0.0988505747126436,0.0758620689655172,0.1011494252873563,0.0597701149425287,0.0298850574712643,0.1425287356321839,0.135632183908046,1,0,1
0.1504424778761062,0.1216814159292035,0.077433628318584,0.1061946902654867,0.077433628318584,0.1084070796460177,0.0398230088495575,0.0508849557522123,0.1504424778761062,0.1172566371681416,1,0,1
0.1614349775784753,0.1053811659192825,0.0874439461883408,0.1188340807174887,0.0246636771300448,0.1143497757847533,0.0269058295964125,0.1143497757847533,0.1278026905829596,0.1188340807174887,1,0,1
0.1556503198294243,0.0831556503198294,0.1577825159914712,0.0831556503198294,0.0959488272921108,0.1194029850746268,0.0319829424307036,0.1002132196162046,0.0383795309168443,0.1343283582089552,1,0,1
0.1451612903225806,0.0625,0.1008064516129032,0.1129032258064516,0.1028225806451613,0.1149193548387096,0.0383064516129032,0.1169354838709677,0.1431451612903226,0.0625,1,0,1
0.1977272727272727,0.1204545454545454,0.175,0.0409090909090909,0.084090909090909,0.0704545454545454,0.0818181818181818,0.0704545454545454,0.0272727272727272,0.1318181818181818,0,1,2
0.2031963470319634,0.0890410958904109,0.1552511415525114,0.0228310502283105,0.0799086757990867,0.0821917808219178,0.0776255707762557,0.0821917808219178,0.047945205479452,0.1598173515981735,0,1,2
0.2164179104477611,0.0646766169154228,0.1417910447761194,0.0124378109452736,0.0845771144278607,0.1019900497512437,0.0870646766169154,0.1019900497512437,0.0845771144278607,0.1044776119402985,0,1,2
0.2061855670103092,0.0360824742268041,0.1159793814432989,0.0128865979381443,0.0927835051546391,0.1185567010309278,0.0902061855670103,0.1211340206185567,0.0902061855670103,0.1159793814432989,0,1,2
0.1801566579634465,0.0130548302872062,0.0861618798955613,0.0234986945169712,0.1018276762402088,0.1305483028720626,0.1018276762402088,0.1331592689295039,0.0992167101827676,0.1305483028720626,0,1,2
0.128440366972477,0.0,0.055045871559633,0.036697247706422,0.0986238532110091,0.1215596330275229,0.0986238532110091,0.1238532110091743,0.1697247706422018,0.1674311926605504,0,1,2
0.1105263157894736,0.0,0.0447368421052631,0.0684210526315789,0.0447368421052631,0.0710526315789473,0.1289473684210526,0.1447368421052631,0.2210526315789473,0.1657894736842105,0,1,2
0.086053412462908,0.0148367952522255,0.0890207715133531,0.0148367952522255,0.0445103857566765,0.1127596439169139,0.1572700296735905,0.1602373887240356,0.1602373887240356,0.1602373887240356,0,1,2
0.0426008968609865,0.0313901345291479,0.0358744394618834,0.1121076233183856,0.1300448430493273,0.116591928251121,0.132286995515695,0.116591928251121,0.2040358744394619,0.0784753363228699,0,1,2
0.0266666666666666,0.0577777777777777,0.0488888888888888,0.1355555555555555,0.1377777777777777,0.1066666666666666,0.14,0.1066666666666666,0.1933333333333333,0.0466666666666666,0,1,2
0.0221238938053097,0.0884955752212389,0.0685840707964601,0.1526548672566371,0.1415929203539823,0.0951327433628318,0.1438053097345132,0.0951327433628318,0.1725663716814159,0.0199115044247787,0,1,2
0.0245901639344262,0.1086065573770491,0.0860655737704918,0.151639344262295,0.1311475409836065,0.0778688524590164,0.1331967213114754,0.0778688524590164,0.1331967213114754,0.0758196721311475,0,1,2
0.0379241516966067,0.1297405189620758,0.1077844311377245,0.1477045908183632,0.1257485029940119,0.0658682634730539,0.1277445109780439,0.0638722554890219,0.1277445109780439,0.0658682634730539,0,1,2
0.059171597633136,0.145956607495069,0.1301775147928994,0.1380670611439842,0.1183431952662721,0.0571992110453648,0.1183431952662721,0.0552268244575936,0.1203155818540434,0.0571992110453648,0,1,2
0.0947136563876652,0.1740088105726872,0.1651982378854625,0.1387665198237885,0.1233480176211453,0.0572687224669603,0.1233480176211453,0.0550660792951541,0.0550660792951541,0.013215859030837,0,1,2
0.1117647058823529,0.1549019607843137,0.1607843137254902,0.1019607843137254,0.1607843137254902,0.1039215686274509,0.0980392156862745,0.0470588235294117,0.0294117647058823,0.0313725490196078,0,1,2
0.1247739602169981,0.1338155515370705,0.1265822784810126,0.1338155515370705,0.1518987341772152,0.0741410488245931,0.081374321880651,0.0452079566003616,0.0831826401446654,0.0452079566003616,0,1,2
0.1801801801801801,0.1463963963963964,0.1869369369369369,0.0653153153153153,0.0923423423423423,0.0608108108108108,0.09009009009009,0.0608108108108108,0.018018018018018,0.0990990990990991,0,1,2
0.1977272727272727,0.1204545454545454,0.175,0.0409090909090909,0.084090909090909,0.0704545454545454,0.0818181818181818,0.0704545454545454,0.0272727272727272,0.1318181818181818,0,1,2
0.2031963470319634,0.0890410958904109,0.1552511415525114,0.0228310502283105,0.0799086757990867,0.0821917808219178,0.0776255707762557,0.0821917808219178,0.047945205479452,0.1598173515981735,0,1,2
0.2164179104477611,0.0646766169154228,0.1417910447761194,0.0124378109452736,0.0845771144278607,0.1019900497512437,0.0870646766169154,0.1019900497512437,0.0845771144278607,0.1044776119402985,0,1,2
0.2061855670103092,0.0360824742268041,0.1159793814432989,0.0128865979381443,0.0927835051546391,0.1185567010309278,0.0902061855670103,0.1211340206185567,0.0902061855670103,0.1159793814432989,0,1,2
0.1801566579634465,0.0130548302872062,0.0861618798955613,0.0234986945169712,0.1018276762402088,0.1305483028720626,0.1018276762402088,0.1331592689295039,0.0992167101827676,0.1305483028720626,0,1,2
0.0561797752808988,0.0674157303370786,0.0674157303370786,0.0943820224719101,0.1662921348314607,0.1101123595505618,0.1640449438202247,0.1101123595505618,0.0696629213483146,0.0943820224719101,0,1,3
0.0506607929515418,0.0859030837004405,0.0704845814977973,0.105726872246696,0.0704845814977973,0.1079295154185022,0.1674008810572687,0.0881057268722467,0.1651982378854625,0.0881057268722467,0,1,3
0.0538116591928251,0.1076233183856502,0.0560538116591928,0.1076233183856502,0.0807174887892376,0.1210762331838565,0.1659192825112107,0.0695067264573991,0.1681614349775785,0.0695067264573991,0,1,3
0.0617021276595744,0.1191489361702127,0.0893617021276595,0.1234042553191489,0.1489361702127659,0.0489361702127659,0.1468085106382978,0.051063829787234,0.0893617021276595,0.1212765957446808,0,1,3
0.0769230769230769,0.1324786324786324,0.1047008547008547,0.126068376068376,0.1346153846153846,0.0363247863247863,0.1346153846153846,0.0384615384615384,0.1025641025641025,0.1132478632478632,0,1,3
0.0944206008583691,0.1394849785407725,0.1180257510729613,0.1244635193133047,0.1180257510729613,0.0300429184549356,0.1180257510729613,0.0321888412017167,0.111587982832618,0.1137339055793991,0,1,3
0.1326086956521739,0.1195652173913043,0.1,0.0304347826086956,0.1239130434782608,0.1108695652173913,0.1326086956521739,0.117391304347826,0.1021739130434782,0.0304347826086956,0,1,3
0.1313559322033898,0.1313559322033898,0.1313559322033898,0.1334745762711864,0.1398305084745762,0.1059322033898305,0.0783898305084745,0.0338983050847457,0.0783898305084745,0.0360169491525423,0,1,3
0.1529933481152993,0.1263858093126385,0.1529933481152993,0.0975609756097561,0.0665188470066518,0.048780487804878,0.0687361419068736,0.0509977827050997,0.1374722838137472,0.0975609756097561,0,1,3
0.167420814479638,0.1108597285067873,0.1561085972850678,0.083710407239819,0.0565610859728506,0.0678733031674208,0.0588235294117647,0.0678733031674208,0.1425339366515837,0.088235294117647,0,1,3
0.1743119266055046,0.091743119266055,0.1536697247706422,0.0688073394495412,0.1536697247706422,0.0711009174311926,0.0527522935779816,0.0894495412844036,0.055045871559633,0.0894495412844036,0,1,3
0.1666666666666666,0.0698198198198198,0.1689189189189189,0.0698198198198198,0.1418918918918918,0.0563063063063063,0.054054054054054,0.1081081081081081,0.0563063063063063,0.1081081081081081,0,1,3
0.1647058823529411,0.0541176470588235,0.1341176470588235,0.0494117647058823,0.068235294117647,0.1317647058823529,0.0705882352941176,0.1294117647058823,0.1317647058823529,0.0658823529411764,0,1,3
0.1514423076923076,0.0408653846153846,0.1201923076923077,0.048076923076923,0.0865384615384615,0.1490384615384615,0.0865384615384615,0.1466346153846154,0.1201923076923077,0.0504807692307692,0,1,3
0.13189448441247,0.0335731414868105,0.105515587529976,0.0503597122302158,0.105515587529976,0.1558752997601918,0.105515587529976,0.1534772182254196,0.105515587529976,0.052757793764988,0,1,3
0.0883720930232558,0.055813953488372,0.1232558139534883,0.1511627906976744,0.0883720930232558,0.0581395348837209,0.0976744186046511,0.0651162790697674,0.1209302325581395,0.1511627906976744,0,1,3
0.0885167464114832,0.0382775119617224,0.0885167464114832,0.0406698564593301,0.0789473684210526,0.069377990430622,0.1483253588516746,0.1483253588516746,0.1483253588516746,0.1507177033492823,0,1,3
0.069284064665127,0.0508083140877598,0.069284064665127,0.0808314087759815,0.1593533487297921,0.1316397228637413,0.1570438799076212,0.1293302540415704,0.0715935334872979,0.0808314087759815,0,1,3
0.0561797752808988,0.0674157303370786,0.0674157303370786,0.0943820224719101,0.1662921348314607,0.1101123595505618,0.1640449438202247,0.1101123595505618,0.0696629213483146,0.0943820224719101,0,1,3
0.0506607929515418,0.0859030837004405,0.0704845814977973,0.105726872246696,0.0704845814977973,0.1079295154185022,0.1674008810572687,0.0881057268722467,0.1651982378854625,0.0881057268722467,0,1,3
0.0538116591928251,0.1076233183856502,0.0560538116591928,0.1076233183856502,0.0807174887892376,0.1210762331838565,0.1659192825112107,0.0695067264573991,0.1681614349775785,0.0695067264573991,0,1,3
0.0617021276595744,0.1191489361702127,0.0893617021276595,0.1234042553191489,0.1489361702127659,0.0489361702127659,0.1468085106382978,0.051063829787234,0.0893617021276595,0.1212765957446808,0,1,3
0.0769230769230769,0.1324786324786324,0.1047008547008547,0.126068376068376,0.1346153846153846,0.0363247863247863,0.1346153846153846,0.0384615384615384,0.1025641025641025,0.1132478632478632,0,1,3
0.1704260651629072,0.0927318295739348,0.0576441102756892,0.0952380952380952,0.0827067669172932,0.100250626566416,0.1303258145363408,0.0676691729323308,0.1328320802005012,0.0701754385964912,1,1,4
0.1654135338345864,0.0776942355889724,0.0601503759398496,0.1177944862155388,0.0852130325814536,0.1152882205513784,0.1203007518796992,0.0676691729323308,0.1228070175438596,0.0676691729323308,1,1,4
0.1486810551558753,0.0623501199040767,0.0671462829736211,0.13189448441247,0.0887290167865707,0.1199040767386091,0.0887290167865707,0.1223021582733813,0.1031175059952038,0.0671462829736211,1,1,4
0.1373493975903614,0.053012048192771,0.0843373493975903,0.1493975903614458,0.1012048192771084,0.1301204819277108,0.0963855421686747,0.0746987951807229,0.0987951807228915,0.0746987951807229,1,1,4
0.116822429906542,0.0490654205607476,0.1004672897196261,0.1518691588785046,0.1098130841121495,0.1308411214953271,0.0887850467289719,0.0817757009345794,0.0911214953271028,0.0794392523364486,1,1,4
0.0986547085201793,0.0493273542600896,0.1188340807174887,0.147982062780269,0.1188340807174887,0.1255605381165919,0.0829596412556053,0.0874439461883408,0.085201793721973,0.085201793721973,1,1,4
0.0763052208835341,0.0502008032128514,0.1224899598393574,0.1265060240963855,0.1164658634538152,0.108433734939759,0.0763052208835341,0.0843373493975903,0.1485943775100401,0.0903614457831325,1,1,4
0.1543624161073825,0.1297539149888143,0.087248322147651,0.1029082774049217,0.0894854586129754,0.1029082774049217,0.1677852348993288,0.0827740492170022,0.0559284116331096,0.0268456375838926,1,1,4
0.0640495867768595,0.0723140495867768,0.152892561983471,0.1033057851239669,0.134297520661157,0.0929752066115702,0.0888429752066115,0.1033057851239669,0.0867768595041322,0.1012396694214876,1,1,4
0.0631364562118126,0.0855397148676171,0.1547861507128309,0.0835030549898167,0.1344195519348268,0.0794297352342158,0.0957230142566191,0.1059063136456211,0.0936863543788187,0.1038696537678207,1,1,4
0.0672097759674134,0.0977596741344195,0.1527494908350305,0.065173116089613,0.1323828920570264,0.0672097759674134,0.1038696537678207,0.1059063136456211,0.1018329938900203,0.1059063136456211,1,1,4
0.0782241014799154,0.1120507399577167,0.1501057082452431,0.0507399577167019,0.1310782241014799,0.0591966173361522,0.1310782241014799,0.0613107822410148,0.1183932346723044,0.1078224101479915,1,1,4
0.0884210526315789,0.12,0.1347368421052631,0.0357894736842105,0.12,0.0526315789473684,0.1242105263157894,0.1010526315789473,0.1221052631578947,0.1010526315789473,1,1,4
0.106060606060606,0.1255411255411255,0.1212121212121212,0.0303030303030303,0.1125541125541125,0.0497835497835497,0.132034632034632,0.0952380952380952,0.1298701298701298,0.0974025974025974,1,1,4
0.1238738738738738,0.1283783783783783,0.1036036036036036,0.0292792792792792,0.1036036036036036,0.0518018018018018,0.1396396396396396,0.09009009009009,0.1373873873873874,0.0923423423423423,1,1,4
0.1556122448979592,0.1377551020408163,0.096938775510204,0.0408163265306122,0.1045918367346938,0.0637755102040816,0.1556122448979592,0.0943877551020408,0.0637755102040816,0.086734693877551,1,1,4
0.0677200902934537,0.0474040632054176,0.1331828442437923,0.0744920993227991,0.1354401805869074,0.0744920993227991,0.0541760722347629,0.0948081264108352,0.1670428893905192,0.1512415349887133,1,1,4
0.167487684729064,0.1083743842364532,0.0615763546798029,0.0714285714285714,0.083743842364532,0.083743842364532,0.1379310344827586,0.0714285714285714,0.1403940886699507,0.0738916256157635,1,1,4
0.1704260651629072,0.0927318295739348,0.0576441102756892,0.0952380952380952,0.0827067669172932,0.100250626566416,0.1303258145363408,0.0676691729323308,0.1328320802005012,0.0701754385964912,1,1,4
0.1654135338345864,0.0776942355889724,0.0601503759398496,0.1177944862155388,0.0852130325814536,0.1152882205513784,0.1203007518796992,0.0676691729323308,0.1228070175438596,0.0676691729323308,1,1,4
0.1486810551558753,0.0623501199040767,0.0671462829736211,0.13189448441247,0.0887290167865707,0.1199040767386091,0.0887290167865707,0.1223021582733813,0.1031175059952038,0.0671462829736211,1,1,4
0.1373493975903614,0.053012048192771,0.0843373493975903,0.1493975903614458,0.1012048192771084,0.1301204819277108,0.0963855421686747,0.0746987951807229,0.0987951807228915,0.0746987951807229,1,1,4
0.116822429906542,0.0490654205607476,0.1004672897196261,0.1518691588785046,0.1098130841121495,0.1308411214953271,0.0887850467289719,0.0817757009345794,0.0911214953271028,0.0794392523364486,1,1,4
0.0890868596881959,0.0623608017817371,0.0957683741648107,0.0512249443207126,0.1625835189309576,0.155902004454343,0.0890868596881959,0.0645879732739421,0.1291759465478842,0.1002227171492204,1,1,5
0.0829596412556053,0.0717488789237668,0.085201793721973,0.0582959641255605,0.1838565022421524,0.1345291479820627,0.0829596412556053,0.0739910313901345,0.132286995515695,0.0941704035874439,1,1,5
0.0799086757990867,0.0844748858447488,0.0776255707762557,0.0707762557077625,0.1986301369863013,0.1095890410958904,0.1164383561643835,0.0114155251141552,0.093607305936073,0.1575342465753424,1,1,5
0.0925925925925925,0.1111111111111111,0.0846560846560846,0.0978835978835978,0.1534391534391534,0.0925925925925925,0.156084656084656,0.0925925925925925,0.1031746031746031,0.0158730158730158,1,1,5
0.0831408775981524,0.1085450346420323,0.0854503464203233,0.1085450346420323,0.0739030023094688,0.0993071593533487,0.1939953810623556,0.0508083140877598,0.0877598152424942,0.1085450346420323,1,1,5
0.0919540229885057,0.1172413793103448,0.0781609195402298,0.1126436781609195,0.1724137931034483,0.025287356321839,0.0942528735632183,0.1172413793103448,0.1218390804597701,0.0689655172413793,1,1,5
0.1513002364066193,0.0094562647754137,0.1063829787234042,0.1252955082742316,0.1182033096926714,0.0685579196217494,0.0378250591016548,0.0756501182033096,0.1820330969267139,0.1252955082742316,1,1,5
0.1011494252873563,0.128735632183908,0.1172413793103448,0.0022988505747126,0.1149425287356321,0.1218390804597701,0.1149425287356321,0.1241379310344827,0.1057471264367816,0.0689655172413793,1,1,5
0.1131221719457013,0.1289592760180995,0.085972850678733,0.006787330316742,0.1244343891402715,0.1199095022624434,0.0429864253393665,0.1266968325791855,0.1787330316742081,0.0723981900452488,1,1,5
0.1337868480725623,0.1156462585034013,0.1269841269841269,0.1269841269841269,0.0589569160997732,0.0204081632653061,0.1337868480725623,0.1133786848072562,0.0929705215419501,0.0770975056689342,1,1,5
0.1396396396396396,0.1058558558558558,0.1373873873873874,0.1193693693693693,0.0382882882882882,0.0427927927927927,0.1396396396396396,0.1036036036036036,0.09009009009009,0.0833333333333333,1,1,5
0.1415929203539823,0.0929203539823008,0.1438053097345132,0.1061946902654867,0.0265486725663716,0.0685840707964601,0.1061946902654867,0.163716814159292,0.1283185840707964,0.0221238938053097,1,1,5
0.125,0.072265625,0.130859375,0.08203125,0.078125,0.0859375,0.080078125,0.0859375,0.1171875,0.142578125,1,1,5
0.1356673960612691,0.0700218818380744,0.1378555798687089,0.0700218818380744,0.1466083150984682,0.0787746170678337,0.0328227571115973,0.12472647702407,0.1334792122538293,0.0700218818380744,1,1,5
0.1296703296703296,0.0615384615384615,0.1428571428571428,0.0659340659340659,0.0527472527472527,0.1494505494505494,0.1274725274725274,0.0615384615384615,0.1010989010989011,0.1076923076923077,1,1,5
0.075107296137339,0.1609442060085837,0.1158798283261802,0.055793991416309,0.1051502145922746,0.1072961373390558,0.1781115879828326,0.1008583690987124,0.0450643776824034,0.055793991416309,1,1,5
0.1211453744493392,0.0506607929515418,0.105726872246696,0.171806167400881,0.1079295154185022,0.0550660792951541,0.1079295154185022,0.0572687224669603,0.1145374449339207,0.1079295154185022,1,1,5
0.109375,0.0491071428571428,0.1361607142857142,0.1696428571428571,0.0982142857142857,0.0580357142857142,0.1785714285714285,0.0513392857142857,0.0446428571428571,0.1049107142857142,1,1,5
0.0890868596881959,0.0623608017817371,0.0957683741648107,0.0512249443207126,0.1625835189309576,0.155902004454343,0.0890868596881959,0.0645879732739421,0.1291759465478842,0.1002227171492204,1,1,5
0.0829596412556053,0.0717488789237668,0.085201793721973,0.0582959641255605,0.1838565022421524,0.1345291479820627,0.0829596412556053,0.0739910313901345,0.132286995515695,0.0941704035874439,1,1,5
0.0799086757990867,0.0844748858447488,0.0776255707762557,0.0707762557077625,0.1986301369863013,0.1095890410958904,0.1164383561643835,0.0114155251141552,0.093607305936073,0.1575342465753424,1,1,5
0.0925925925925925,0.1111111111111111,0.0846560846560846,0.0978835978835978,0.1534391534391534,0.0925925925925925,0.156084656084656,0.0925925925925925,0.1031746031746031,0.0158730158730158,1,1,5
0.0831408775981524,0.1085450346420323,0.0854503464203233,0.1085450346420323,0.0739030023094688,0.0993071593533487,0.1939953810623556,0.0508083140877598,0.0877598152424942,0.1085450346420323,1,1,5
0.0838574423480083,0.0440251572327044,0.1320754716981132,0.1027253668763102,0.0964360587002096,0.1069182389937107,0.090146750524109,0.1488469601677149,0.0964360587002096,0.0985324947589098,0,1,6
0.0673267326732673,0.0495049504950495,0.1287128712871287,0.0871287128712871,0.1306930693069307,0.0871287128712871,0.099009900990099,0.1029702970297029,0.1069306930693069,0.1405940594059406,0,1,6
0.1413276231263383,0.0813704496788008,0.1156316916488222,0.1092077087794432,0.139186295503212,0.145610278372591,0.0642398286937901,0.0663811563169164,0.0278372591006423,0.1092077087794432,0,1,6
0.0534069981583793,0.0718232044198895,0.1068139963167587,0.0883977900552486,0.1344383057090239,0.1123388581952117,0.1362799263351749,0.1123388581952117,0.0994475138121546,0.0847145488029466,0,1,6
0.06,0.092,0.122,0.056,0.12,0.09,0.158,0.102,0.112,0.088,0,1,6
0.0669371196754563,0.1054766734279918,0.1237322515212981,0.0831643002028397,0.1663286004056795,0.0811359026369168,0.1176470588235294,0.0851926977687626,0.0649087221095334,0.1054766734279918,0,1,6
0.080338266384778,0.120507399577167,0.1078224101479915,0.0486257928118393,0.1289640591966173,0.0782241014799154,0.1691331923890063,0.0613107822410148,0.1226215644820296,0.0824524312896406,0,1,6
0.0941422594142259,0.1255230125523012,0.1234309623430962,0.0690376569037656,0.1255230125523012,0.0690376569037656,0.1569037656903765,0.0418410041841004,0.1192468619246862,0.0753138075313807,0,1,6
0.1203703703703703,0.1388888888888889,0.0925925925925925,0.0601851851851851,0.1319444444444444,0.0694444444444444,0.1527777777777778,0.0277777777777777,0.1273148148148148,0.0787037037037037,0,1,6
0.1428571428571428,0.1404358353510895,0.0871670702179176,0.072639225181598,0.1283292978208232,0.0677966101694915,0.135593220338983,0.0193704600484261,0.1283292978208232,0.0774818401937046,0,1,6
0.1688311688311688,0.1402597402597402,0.0857142857142857,0.0909090909090909,0.0883116883116883,0.0909090909090909,0.1272727272727272,0.0701298701298701,0.1168831168831168,0.0207792207792207,0,1,6
0.0776470588235294,0.0964705882352941,0.1058823529411764,0.0658823529411764,0.08,0.0258823529411764,0.1623529411764706,0.1129411764705882,0.1623529411764706,0.1105882352941176,0,1,6
0.2017291066282421,0.1152737752161383,0.1181556195965417,0.0893371757925072,0.0720461095100864,0.0518731988472622,0.0749279538904899,0.0518731988472622,0.1296829971181556,0.0951008645533141,0,1,6
0.1769230769230769,0.0846153846153846,0.0974358974358974,0.1307692307692307,0.1,0.0871794871794871,0.0512820512820512,0.0717948717948717,0.1102564102564102,0.0897435897435897,0,1,6
0.1662468513853904,0.0680100755667506,0.0957178841309823,0.0957178841309823,0.0428211586901763,0.0982367758186398,0.1032745591939546,0.0931989924433249,0.1687657430730478,0.0680100755667506,0,1,6
0.1462829736211031,0.052757793764988,0.1151079136690647,0.1342925659472422,0.0911270983213429,0.1007194244604316,0.0455635491606714,0.1199040767386091,0.0983213429256594,0.0959232613908872,0,1,6
0.1310679611650485,0.0461165048543689,0.0946601941747572,0.1116504854368932,0.0970873786407767,0.1116504854368932,0.058252427184466,0.1432038834951456,0.1019417475728155,0.1043689320388349,0,1,6
0.1026200873362445,0.0414847161572052,0.1288209606986899,0.1157205240174672,0.0917030567685589,0.1069868995633187,0.0720524017467248,0.1462882096069869,0.0960698689956331,0.0982532751091703,0,1,6
0.0838574423480083,0.0440251572327044,0.1320754716981132,0.1027253668763102,0.0964360587002096,0.1069182389937107,0.090146750524109,0.1488469601677149,0.0964360587002096,0.0985324947589098,0,1,6
0.0673267326732673,0.0495049504950495,0.1287128712871287,0.0871287128712871,0.1306930693069307,0.0871287128712871,0.099009900990099,0.1029702970297029,0.1069306930693069,0.1405940594059406,0,1,6
0.1413276231263383,0.0813704496788008,0.1156316916488222,0.1092077087794432,0.139186295503212,0.145610278372591,0.0642398286937901,0.0663811563169164,0.0278372591006423,0.1092077087794432,0,1,6
0.0534069981583793,0.0718232044198895,0.1068139963167587,0.0883977900552486,0.1344383057090239,0.1123388581952117,0.1362799263351749,0.1123388581952117,0.0994475138121546,0.0847145488029466,0,1,6
0.06,0.092,0.122,0.056,0.12,0.09,0.158,0.102,0.112,0.088,0,1,6
0.0394190871369294,0.1078838174273859,0.1452282157676348,0.0829875518672199,0.1659751037344398,0.0995850622406639,0.1431535269709543,0.0829875518672199,0.0746887966804979,0.0580912863070539,1,0,7
0.0527426160337552,0.1308016877637131,0.1455696202531645,0.0696202531645569,0.170886075949367,0.0780590717299578,0.1434599156118143,0.0696202531645569,0.0696202531645569,0.0696202531645569,1,0,7
0.0757238307349666,0.153674832962138,0.1447661469933185,0.0601336302895322,0.0712694877505567,0.086859688195991,0.0690423162583518,0.086859688195991,0.1848552338530066,0.066815144766147,1,0,7
0.1002227171492204,0.1603563474387528,0.133630289532294,0.0489977728285077,0.1603563474387528,0.0378619153674833,0.133630289532294,0.0512249443207126,0.0734966592427616,0.1002227171492204,1,0,7
0.128735632183908,0.1655172413793103,0.1241379310344827,0.0436781609195402,0.1448275862068965,0.025287356321839,0.1218390804597701,0.0459770114942528,0.0827586206896551,0.1172413793103448,1,0,7
0.1583924349881796,0.1583924349881796,0.1087470449172576,0.0449172576832151,0.1252955082742316,0.0189125295508274,0.1111111111111111,0.0472813238770685,0.0969267139479905,0.1300236406619385,1,0,7
0.1272727272727272,0.0272727272727272,0.1212121212121212,0.0666666666666666,0.1212121212121212,0.0696969696969697,0.1393939393939394,0.1727272727272727,0.1393939393939394,0.0151515151515151,1,0,7
0.1646341463414634,0.0995934959349593,0.1646341463414634,0.1016260162601626,0.0691056910569105,0.0528455284552845,0.0711382113821138,0.0548780487804878,0.1056910569105691,0.1158536585365853,1,0,7
0.1995133819951338,0.0924574209245742,0.2019464720194647,0.0924574209245742,0.072992700729927,0.0778588807785888,0.0583941605839416,0.0510948905109489,0.0754257907542579,0.0778588807785888,1,0,7
0.196078431372549,0.0661764705882353,0.071078431372549,0.0955882352941176,0.0465686274509803,0.0759803921568627,0.0735294117647058,0.0955882352941176,0.1544117647058823,0.125,1,0,7
0.1778846153846154,0.0408653846153846,0.0721153846153846,0.110576923076923,0.0432692307692307,0.1009615384615384,0.0745192307692307,0.110576923076923,0.1586538461538461,0.110576923076923,1,0,7
0.1473922902494331,0.0226757369614512,0.0770975056689342,0.1179138321995464,0.1519274376417233,0.0907029478458049,0.1541950113378684,0.0907029478458049,0.0362811791383219,0.1111111111111111,1,0,7
0.1227272727272727,0.0159090909090909,0.0886363636363636,0.1295454545454545,0.0613636363636363,0.1409090909090909,0.0886363636363636,0.1272727272727272,0.15,0.075,1,0,7
0.0945054945054945,0.0153846153846153,0.0989010989010989,0.1318681318681318,0.0791208791208791,0.1494505494505494,0.1010989010989011,0.1296703296703296,0.1384615384615384,0.0615384615384615,1,0,7
0.0685224839400428,0.025695931477516,0.1134903640256959,0.1284796573875803,0.0985010706638115,0.15203426124197,0.1113490364025695,0.1263383297644539,0.1241970021413276,0.0513918629550321,1,0,7
0.1017857142857142,0.125,0.1053571428571428,0.1,0.1053571428571428,0.1017857142857142,0.0946428571428571,0.0392857142857142,0.0946428571428571,0.1321428571428571,1,0,7
0.0453400503778337,0.0730478589420654,0.0453400503778337,0.0755667506297229,0.163727959697733,0.1335012594458438,0.1612090680100755,0.1309823677581864,0.1158690176322418,0.0554156171284634,1,0,7
0.0334029227557411,0.0855949895615866,0.0354906054279749,0.0855949895615866,0.1440501043841336,0.0981210855949895,0.1565762004175365,0.1210855949895615,0.1419624217118998,0.0981210855949895,1,0,7
0.0394190871369294,0.1078838174273859,0.1452282157676348,0.0829875518672199,0.1659751037344398,0.0995850622406639,0.1431535269709543,0.0829875518672199,0.0746887966804979,0.0580912863070539,1,0,7
0.0527426160337552,0.1308016877637131,0.1455696202531645,0.0696202531645569,0.170886075949367,0.0780590717299578,0.1434599156118143,0.0696202531645569,0.0696202531645569,0.0696202531645569,1,0,7
0.0757238307349666,0.153674832962138,0.1447661469933185,0.0601336302895322,0.0712694877505567,0.086859688195991,0.0690423162583518,0.086859688195991,0.1848552338530066,0.066815144766147,1,0,7
0.1002227171492204,0.1603563474387528,0.133630289532294,0.0489977728285077,0.1603563474387528,0.0378619153674833,0.133630289532294,0.0512249443207126,0.0734966592427616,0.1002227171492204,1,0,7
0.128735632183908,0.1655172413793103,0.1241379310344827,0.0436781609195402,0.1448275862068965,0.025287356321839,0.1218390804597701,0.0459770114942528,0.0827586206896551,0.1172413793103448,1,0,7
0.1255230125523012,0.0690376569037656,0.1276150627615062,0.0690376569037656,0.1527196652719665,0.1276150627615062,0.0878661087866108,0.0774058577405857,0.0878661087866108,0.0753138075313807,1,0,8
0.12,0.0631578947368421,0.1221052631578947,0.0610526315789473,0.1221052631578947,0.0631578947368421,0.1663157894736842,0.1094736842105263,0.0884210526315789,0.0842105263157894,1,0,8
0.1169977924944812,0.0618101545253863,0.119205298013245,0.0596026490066225,0.1788079470198675,0.0905077262693156,0.0927152317880794,0.0927152317880794,0.0927152317880794,0.0949227373068432,1,0,8
0.1118721461187214,0.0616438356164383,0.1141552511415525,0.0593607305936073,0.182648401826484,0.0684931506849315,0.1004566210045662,0.1027397260273972,0.0981735159817351,0.1004566210045662,1,0,8
0.1058823529411764,0.0658823529411764,0.1058823529411764,0.0635294117647058,0.1764705882352941,0.0470588235294117,0.108235294117647,0.108235294117647,0.108235294117647,0.1105882352941176,1,0,8
0.0997566909975669,0.072992700729927,0.0997566909975669,0.0705596107055961,0.1630170316301703,0.0316301703163017,0.1167883211678832,0.1143552311435523,0.1143552311435523,0.1167883211678832,1,0,8
0.0876404494382022,0.0764044943820224,0.0853932584269663,0.0741573033707865,0.1146067415730337,0.1056179775280898,0.1123595505617977,0.1078651685393258,0.1505617977528089,0.0853932584269663,1,0,8
0.0986666666666666,0.1013333333333333,0.096,0.0986666666666666,0.0986666666666666,0.0986666666666666,0.12,0.0213333333333333,0.144,0.1226666666666666,1,0,8
0.0915841584158415,0.1039603960396039,0.0891089108910891,0.1039603960396039,0.0866336633663366,0.0272277227722772,0.1386138613861386,0.1089108910891089,0.1386138613861386,0.1113861386138613,1,0,8
0.0946601941747572,0.1116504854368932,0.0922330097087378,0.1116504854368932,0.0631067961165048,0.0436893203883495,0.1383495145631068,0.1019417475728155,0.1383495145631068,0.1043689320388349,1,0,8
0.1012048192771084,0.1180722891566265,0.0987951807228915,0.1180722891566265,0.0987951807228915,0.1204819277108433,0.0481927710843373,0.0650602409638554,0.1373493975903614,0.0939759036144578,1,0,8
0.1052631578947368,0.1167048054919908,0.102974828375286,0.1189931350114416,0.0411899313501144,0.0869565217391304,0.1304347826086956,0.0823798627002288,0.1304347826086956,0.0846681922196796,1,0,8
0.1106194690265486,0.1150442477876106,0.1084070796460177,0.1172566371681416,0.0420353982300885,0.1084070796460177,0.1216814159292035,0.0752212389380531,0.1238938053097345,0.077433628318584,1,0,8
0.1161290322580645,0.1096774193548387,0.1161290322580645,0.1118279569892473,0.0516129032258064,0.1268817204301075,0.1139784946236559,0.0688172043010752,0.1139784946236559,0.0709677419354838,1,0,8
0.1210855949895615,0.1022964509394572,0.1210855949895615,0.104384133611691,0.0668058455114822,0.1377870563674321,0.1064718162839248,0.0668058455114822,0.1085594989561586,0.0647181628392484,1,0,8
0.1348314606741573,0.1011235955056179,0.1370786516853932,0.1033707865168539,0.1078651685393258,0.0719101123595505,0.1101123595505618,0.0696629213483146,0.0719101123595505,0.0921348314606741,1,0,8
0.1203883495145631,0.0796116504854368,0.1203883495145631,0.0815533980582524,0.1223300970873786,0.0815533980582524,0.1048543689320388,0.1378640776699029,0.087378640776699,0.0640776699029126,1,0,8
0.1275720164609053,0.0761316872427983,0.1296296296296296,0.0761316872427983,0.1316872427983539,0.139917695473251,0.088477366255144,0.0699588477366255,0.088477366255144,0.0720164609053498,1,0,8
0.1255230125523012,0.0690376569037656,0.1276150627615062,0.0690376569037656,0.1527196652719665,0.1276150627615062,0.0878661087866108,0.0774058577405857,0.0878661087866108,0.0753138075313807,1,0,8
0.12,0.0631578947368421,0.1221052631578947,0.0610526315789473,0.1221052631578947,0.0631578947368421,0.1663157894736842,0.1094736842105263,0.0884210526315789,0.0842105263157894,1,0,8
0.1169977924944812,0.0618101545253863,0.119205298013245,0.0596026490066225,0.1788079470198675,0.0905077262693156,0.0927152317880794,0.0927152317880794,0.0927152317880794,0.0949227373068432,1,0,8
0.1118721461187214,0.0616438356164383,0.1141552511415525,0.0593607305936073,0.182648401826484,0.0684931506849315,0.1004566210045662,0.1027397260273972,0.0981735159817351,0.1004566210045662,1,0,8
0.1058823529411764,0.0658823529411764,0.1058823529411764,0.0635294117647058,0.1764705882352941,0.0470588235294117,0.108235294117647,0.108235294117647,0.108235294117647,0.1105882352941176,1,0,8
0.111328125,0.126953125,0.091796875,0.103515625,0.11328125,0.126953125,0.076171875,0.103515625,0.083984375,0.0625,1,0,9
0.1217228464419475,0.1142322097378277,0.097378277153558,0.099250936329588,0.1235955056179775,0.1142322097378277,0.0823970037453183,0.1048689138576779,0.0767790262172284,0.0655430711610486,1,0,9
0.127208480565371,0.0954063604240282,0.0883392226148409,0.1007067137809187,0.0706713780918728,0.0671378091872791,0.1378091872791519,0.0883392226148409,0.127208480565371,0.097173144876325,1,0,9
0.131578947368421,0.0807017543859649,0.1052631578947368,0.0842105263157894,0.1052631578947368,0.0859649122807017,0.1333333333333333,0.0789473684210526,0.0982456140350877,0.0964912280701754,1,0,9
0.1433962264150943,0.0698113207547169,0.1169811320754717,0.0830188679245283,0.1433962264150943,0.0679245283018867,0.1150943396226415,0.0981132075471698,0.0773584905660377,0.0849056603773584,1,0,9
0.1442687747035573,0.0553359683794466,0.1245059288537549,0.0790513833992094,0.1442687747035573,0.0533596837944664,0.1284584980237154,0.0928853754940711,0.0849802371541501,0.0928853754940711,1,0,9
0.136,0.04,0.124,0.07,0.126,0.07,0.132,0.084,0.134,0.084,1,0,9
0.1474201474201474,0.0368550368550368,0.1474201474201474,0.0761670761670761,0.1621621621621621,0.0884520884520884,0.1351351351351351,0.0221130221130221,0.1498771498771498,0.0343980343980344,1,0,9
0.1424581005586592,0.0363128491620111,0.1564245810055866,0.0782122905027933,0.1396648044692737,0.0363128491620111,0.1787709497206704,0.0837988826815642,0.1229050279329608,0.0251396648044692,1,0,9
0.1304347826086956,0.0434782608695652,0.1614906832298136,0.0807453416149068,0.1273291925465838,0.0434782608695652,0.186335403726708,0.0807453416149068,0.1055900621118012,0.0403726708074534,1,0,9
0.1133333333333333,0.06,0.1566666666666666,0.0866666666666666,0.11,0.06,0.1833333333333333,0.0766666666666666,0.0866666666666666,0.0666666666666666,1,0,9
0.0833333333333333,0.0771604938271604,0.1512345679012345,0.0679012345679012,0.0648148148148148,0.0895061728395061,0.1820987654320987,0.1265432098765432,0.0833333333333333,0.074074074074074,1,0,9
0.075,0.103125,0.121875,0.09375,0.121875,0.096875,0.071875,0.10625,0.134375,0.075,1,0,9
0.0678466076696165,0.1238938053097345,0.1091445427728613,0.103244837758112,0.0678466076696165,0.1268436578171091,0.1120943952802359,0.079646017699115,0.0619469026548672,0.1474926253687315,1,0,9
0.0682414698162729,0.1338582677165354,0.0944881889763779,0.1023622047244094,0.0682414698162729,0.1364829396325459,0.0892388451443569,0.0839895013123359,0.0682414698162729,0.1548556430446194,1,0,9
0.0794871794871794,0.1512820512820512,0.0923076923076923,0.1128205128205128,0.0948717948717948,0.1128205128205128,0.082051282051282,0.0948717948717948,0.0846153846153846,0.0948717948717948,1,0,9
0.0807453416149068,0.1325051759834368,0.0807453416149068,0.0993788819875776,0.0683229813664596,0.0890269151138716,0.0910973084886128,0.144927536231884,0.0786749482401656,0.134575569358178,1,0,9
0.0993788819875776,0.1366459627329192,0.0890269151138716,0.1055900621118012,0.1014492753623188,0.1366459627329192,0.072463768115942,0.1014492753623188,0.0952380952380952,0.062111801242236,1,0,9
0.111328125,0.126953125,0.091796875,0.103515625,0.11328125,0.126953125,0.076171875,0.103515625,0.083984375,0.0625,1,0,9
0.1217228464419475,0.1142322097378277,0.097378277153558,0.099250936329588,0.1235955056179775,0.1142322097378277,0.0823970037453183,0.1048689138576779,0.0767790262172284,0.0655430711610486,1,0,9
0.127208480565371,0.0954063604240282,0.0883392226148409,0.1007067137809187,0.0706713780918728,0.0671378091872791,0.1378091872791519,0.0883392226148409,0.127208480565371,0.097173144876325,1,0,9
0.131578947368421,0.0807017543859649,0.1052631578947368,0.0842105263157894,0.1052631578947368,0.0859649122807017,0.1333333333333333,0.0789473684210526,0.0982456140350877,0.0964912280701754,1,0,9
0.1433962264150943,0.0698113207547169,0.1169811320754717,0.0830188679245283,0.1433962264150943,0.0679245283018867,0.1150943396226415,0.0981132075471698,0.0773584905660377,0.0849056603773584,1,0,9
0.0955631399317406,0.1058020477815699,0.0716723549488054,0.1023890784982935,0.0375426621160409,0.1160409556313993,0.1808873720136518,0.0921501706484641,0.0955631399317406,0.1023890784982935,1,0,10
0.0747126436781609,0.1120689655172413,0.0545977011494252,0.1149425287356321,0.0747126436781609,0.1091954022988505,0.146551724137931,0.0977011494252873,0.1379310344827586,0.0775862068965517,1,0,10
0.0750670241286863,0.1260053619302949,0.0428954423592493,0.1608579088471849,0.0455764075067024,0.1608579088471849,0.1179624664879356,0.0750670241286863,0.0723860589812332,0.1233243967828418,1,0,10
0.0717592592592592,0.125,0.0625,0.136574074074074,0.0578703703703703,0.162037037037037,0.0601851851851851,0.162037037037037,0.0925925925925925,0.0694444444444444,1,0,10
0.0775681341719077,0.1236897274633123,0.0733752620545073,0.1383647798742138,0.0775681341719077,0.1593291404612159,0.0796645702306079,0.0712788259958071,0.0754716981132075,0.1236897274633123,1,0,10
0.0847457627118644,0.1167608286252354,0.0847457627118644,0.1299435028248587,0.096045197740113,0.1468926553672316,0.0696798493408663,0.071563088512241,0.0828625235404896,0.1167608286252354,1,0,10
0.0907534246575342,0.1061643835616438,0.0941780821917808,0.1181506849315068,0.0958904109589041,0.1181506849315068,0.1095890410958904,0.1301369863013698,0.0633561643835616,0.0736301369863013,1,0,10
0.1038062283737024,0.1038062283737024,0.1055363321799307,0.1038062283737024,0.1124567474048442,0.1124567474048442,0.0674740484429065,0.0813148788927335,0.1038062283737024,0.1055363321799307,1,0,10
0.1100164203612479,0.090311986863711,0.1198686371100164,0.0952380952380952,0.1379310344827586,0.0952380952380952,0.0689655172413793,0.0821018062397372,0.1083743842364532,0.0919540229885057,1,0,10
0.1189279731993299,0.0804020100502512,0.1306532663316583,0.0820770519262981,0.1474036850921273,0.0753768844221105,0.0770519262981574,0.0871021775544388,0.1189279731993299,0.0820770519262981,1,0,10
0.1346863468634686,0.07380073800738,0.1476014760147601,0.0719557195571955,0.1346863468634686,0.0756457564575645,0.088560885608856,0.0830258302583025,0.0940959409594096,0.0959409594095941,1,0,10
0.1373307543520309,0.0618955512572533,0.1586073500967117,0.0367504835589942,0.1605415860735009,0.0367504835589942,0.1063829787234042,0.0986460348162475,0.1392649903288201,0.0638297872340425,1,0,10
0.1487964989059081,0.0547045951859956,0.1575492341356674,0.0437636761487965,0.1597374179431072,0.0196936542669584,0.161925601750547,0.0196936542669584,0.1269146608315098,0.1072210065645514,1,0,10
0.1501210653753026,0.0484261501210653,0.1549636803874092,0.0314769975786924,0.1501210653753026,0.0072639225181598,0.1476997578692493,0.1089588377723971,0.1525423728813559,0.0484261501210653,1,0,10
0.1504178272980501,0.0473537604456824,0.1504178272980501,0.0278551532033426,0.1337047353760445,0.0027855153203342,0.1727019498607242,0.1142061281337047,0.1532033426183844,0.0473537604456824,1,0,10
0.1503267973856209,0.0555555555555555,0.1405228758169934,0.0326797385620915,0.1437908496732026,0.0326797385620915,0.1143790849673202,0.0098039215686274,0.2026143790849673,0.1176470588235294,1,0,10
0.1217948717948717,0.0608974358974358,0.125,0.0608974358974358,0.1089743589743589,0.0448717948717948,0.1923076923076923,0.1025641025641025,0.125,0.0576923076923076,1,0,10
0.1138790035587188,0.0854092526690391,0.092526690391459,0.0747330960854092,0.0533807829181494,0.0747330960854092,0.2028469750889679,0.1032028469750889,0.1174377224199288,0.0818505338078291,1,0,10
0.0955631399317406,0.1058020477815699,0.0716723549488054,0.1023890784982935,0.0375426621160409,0.1160409556313993,0.1808873720136518,0.0921501706484641,0.0955631399317406,0.1023890784982935,1,0,10
0.0747126436781609,0.1120689655172413,0.0545977011494252,0.1149425287356321,0.0747126436781609,0.1091954022988505,0.146551724137931,0.0977011494252873,0.1379310344827586,0.0775862068965517,1,0,10
0.0750670241286863,0.1260053619302949,0.0428954423592493,0.1608579088471849,0.0455764075067024,0.1608579088471849,0.1179624664879356,0.0750670241286863,0.0723860589812332,0.1233243967828418,1,0,10
0.0717592592592592,0.125,0.0625,0.136574074074074,0.0578703703703703,0.162037037037037,0.0601851851851851,0.162037037037037,0.0925925925925925,0.0694444444444444,1,0,10
0.0775681341719077,0.1236897274633123,0.0733752620545073,0.1383647798742138,0.0775681341719077,0.1593291404612159,0.0796645702306079,0.0712788259958071,0.0754716981132075,0.1236897274633123,1,0,10
