,predictor,predictor.1,predictor.2,predictor.3,predictor.4,predictor.5,predictor.6,predictor.7,predictor.8,predictor.9,predictor.10,predictor.11,predictor.12,predictor.13,predictor.14,predictor.15,predictor.16,predictor.17,predictor.18,predictor.19,outcomes
0,0.065944834611196,0.0640868597219022,0.0646354844339501,0.1147878634110647,0.065944834611196,0.0019279148675875,0.0027264833528429,0.0598896133388894,0.0640868597219022,0.0019279148675875,0.0019279148675875,0.0615122682066343,0.0646354844339501,0.0027264833528429,0.0019279148675875,0.0625607631883451,0.1147878634110647,0.0598896133388894,0.0615122682066343,0.0625607631883451,1
1,0.0640868597219022,0.065944834611196,0.0646354844339501,0.1147878634110647,0.0640868597219022,0.0019279148675875,0.0019279148675875,0.0615122682066343,0.065944834611196,0.0019279148675875,0.0027264833528429,0.0598896133388894,0.0646354844339501,0.0019279148675875,0.0027264833528429,0.0625607631883451,0.1147878634110647,0.0615122682066343,0.0598896133388894,0.0625607631883451,1
2,0.0644336993586717,0.067081177899305,0.0653956670969773,0.1151738179636292,0.0644336993586717,0.0027512163923021,0.0019454037675084,0.0618258989164117,0.067081177899305,0.0027512163923021,0.0019454037675084,0.0595179106340545,0.0653956670969773,0.0019454037675084,0.0019454037675084,0.0599298042036311,0.1151738179636292,0.0618258989164117,0.0595179106340545,0.0599298042036311,1
3,0.0653956670969773,0.067081177899305,0.0644336993586717,0.1151738179636292,0.0653956670969773,0.0019454037675084,0.0019454037675084,0.0599298042036311,0.067081177899305,0.0019454037675084,0.0027512163923021,0.0595179106340545,0.0644336993586717,0.0019454037675084,0.0027512163923021,0.0618258989164117,0.1151738179636292,0.0599298042036311,0.0595179106340545,0.0618258989164117,1
4,0.0646354844339501,0.065944834611196,0.0640868597219022,0.1147878634110647,0.0646354844339501,0.0027264833528429,0.0019279148675875,0.0625607631883451,0.065944834611196,0.0027264833528429,0.0019279148675875,0.0598896133388894,0.0640868597219022,0.0019279148675875,0.0019279148675875,0.0615122682066343,0.1147878634110647,0.0625607631883451,0.0598896133388894,0.0615122682066343,1
5,0.0646354844339501,0.0640868597219022,0.065944834611196,0.1147878634110647,0.0646354844339501,0.0019279148675875,0.0027264833528429,0.0625607631883451,0.0640868597219022,0.0019279148675875,0.0019279148675875,0.0615122682066343,0.065944834611196,0.0027264833528429,0.0019279148675875,0.0598896133388894,0.1147878634110647,0.0625607631883451,0.0615122682066343,0.0598896133388894,1
6,0.0644336993586717,0.0653956670969773,0.067081177899305,0.1151738179636292,0.0644336993586717,0.0019454037675084,0.0027512163923021,0.0618258989164117,0.0653956670969773,0.0019454037675084,0.0019454037675084,0.0599298042036311,0.067081177899305,0.0027512163923021,0.0019454037675084,0.0595179106340545,0.1151738179636292,0.0618258989164117,0.0599298042036311,0.0595179106340545,1
7,0.0644336993586717,0.0653956670969773,0.067081177899305,0.1151738179636292,0.0644336993586717,0.0019454037675084,0.0027512163923021,0.0618258989164117,0.0653956670969773,0.0019454037675084,0.0019454037675084,0.0599298042036311,0.067081177899305,0.0027512163923021,0.0019454037675084,0.0595179106340545,0.1151738179636292,0.0618258989164117,0.0599298042036311,0.0595179106340545,1
8,0.0646354844339501,0.0640868597219022,0.065944834611196,0.1147878634110647,0.0646354844339501,0.0019279148675875,0.0027264833528429,0.0625607631883451,0.0640868597219022,0.0019279148675875,0.0019279148675875,0.0615122682066343,0.065944834611196,0.0027264833528429,0.0019279148675875,0.0598896133388894,0.1147878634110647,0.0625607631883451,0.0615122682066343,0.0598896133388894,1
9,0.0646354844339501,0.065944834611196,0.0640868597219022,0.1147878634110647,0.0646354844339501,0.0027264833528429,0.0019279148675875,0.0625607631883451,0.065944834611196,0.0027264833528429,0.0019279148675875,0.0598896133388894,0.0640868597219022,0.0019279148675875,0.0019279148675875,0.0615122682066343,0.1147878634110647,0.0625607631883451,0.0598896133388894,0.0615122682066343,1
10,0.0654341508246919,0.0675556811900093,0.11981064768334,0.0647879656262339,0.0654341508246919,0.0022248278738769,0.0582293178891884,0.0022248278738769,0.0675556811900093,0.0022248278738769,0.0567222037164184,0.0031463817531824,0.11981064768334,0.0582293178891884,0.0567222037164184,0.0598639955691814,0.0647879656262339,0.0022248278738769,0.0031463817531824,0.0598639955691814,2
11,0.0654341508246919,0.0675556811900093,0.11981064768334,0.0647879656262339,0.0654341508246919,0.0022248278738769,0.0582293178891884,0.0022248278738769,0.0675556811900093,0.0022248278738769,0.0567222037164184,0.0031463817531824,0.11981064768334,0.0582293178891884,0.0567222037164184,0.0598639955691814,0.0647879656262339,0.0022248278738769,0.0031463817531824,0.0598639955691814,2
12,0.066359290746718,0.0648606313049595,0.06786153568249,0.120416440124571,0.066359290746718,0.0015777486569237,0.0015777486569237,0.0580560055142546,0.0648606313049595,0.0015777486569237,0.0031554973138475,0.0591392729775809,0.06786153568249,0.0015777486569237,0.0031554973138475,0.0569958290217306,0.120416440124571,0.0580560055142546,0.0591392729775809,0.0569958290217306,2
13,0.0648606313049595,0.066359290746718,0.06786153568249,0.120416440124571,0.0648606313049595,0.0015777486569237,0.0031554973138475,0.0591392729775809,0.066359290746718,0.0015777486569237,0.0015777486569237,0.0580560055142546,0.06786153568249,0.0031554973138475,0.0015777486569237,0.0569958290217306,0.120416440124571,0.0591392729775809,0.0580560055142546,0.0569958290217306,2
14,0.0657518847684382,0.0678837168218077,0.1203924220184761,0.0664888882463816,0.0657518847684382,0.0022356311520675,0.058512066737938,0.0015808299478588,0.0678837168218077,0.0022356311520675,0.0569976343479411,0.0015808299478588,0.1203924220184761,0.058512066737938,0.0569976343479411,0.0585760960112319,0.0664888882463816,0.0015808299478588,0.0015808299478588,0.0585760960112319,2
15,0.0657518847684382,0.0678837168218077,0.1203924220184761,0.0664888882463816,0.0657518847684382,0.0022356311520675,0.058512066737938,0.0015808299478588,0.0678837168218077,0.0022356311520675,0.0569976343479411,0.0015808299478588,0.1203924220184761,0.058512066737938,0.0569976343479411,0.0585760960112319,0.0664888882463816,0.0015808299478588,0.0015808299478588,0.0585760960112319,2
16,0.0648606313049595,0.066359290746718,0.06786153568249,0.120416440124571,0.0648606313049595,0.0015777486569237,0.0031554973138475,0.0591392729775809,0.066359290746718,0.0015777486569237,0.0015777486569237,0.0580560055142546,0.06786153568249,0.0031554973138475,0.0015777486569237,0.0569958290217306,0.120416440124571,0.0591392729775809,0.0580560055142546,0.0569958290217306,2
17,0.0648606313049595,0.066359290746718,0.06786153568249,0.120416440124571,0.0648606313049595,0.0015777486569237,0.0031554973138475,0.0591392729775809,0.066359290746718,0.0015777486569237,0.0015777486569237,0.0580560055142546,0.06786153568249,0.0031554973138475,0.0015777486569237,0.0569958290217306,0.120416440124571,0.0591392729775809,0.0580560055142546,0.0569958290217306,2
18,0.0657518847684382,0.0678837168218077,0.1203924220184761,0.0664888882463816,0.0657518847684382,0.0022356311520675,0.058512066737938,0.0015808299478588,0.0678837168218077,0.0022356311520675,0.0569976343479411,0.0015808299478588,0.1203924220184761,0.058512066737938,0.0569976343479411,0.0585760960112319,0.0664888882463816,0.0015808299478588,0.0015808299478588,0.0585760960112319,2
19,0.0657518847684382,0.0678837168218077,0.1203924220184761,0.0664888882463816,0.0657518847684382,0.0022356311520675,0.058512066737938,0.0015808299478588,0.0678837168218077,0.0022356311520675,0.0569976343479411,0.0015808299478588,0.1203924220184761,0.058512066737938,0.0569976343479411,0.0585760960112319,0.0664888882463816,0.0015808299478588,0.0015808299478588,0.0585760960112319,2
20,0.0020334295998572,0.0264345847981447,0.0283223970011314,0.106536963766786,0.0020334295998572,0.0245700233391436,0.0264345847981447,0.1046771953893291,0.0264345847981447,0.0245700233391436,0.0020334295998572,0.0902989283928631,0.0283223970011314,0.0264345847981447,0.0020334295998572,0.0886584633147424,0.106536963766786,0.1046771953893291,0.0902989283928631,0.0886584633147424,3
21,0.0020052660176808,0.0260684582298514,0.0242297214809249,0.1050613963145952,0.0020052660176808,0.027930123693302,0.0260684582298514,0.106901557052898,0.0260684582298514,0.027930123693302,0.0020052660176808,0.0890482623799298,0.0242297214809249,0.0260684582298514,0.0020052660176808,0.0906814905832851,0.1050613963145952,0.106901557052898,0.0890482623799298,0.0906814905832851,3
22,0.0211823299105678,0.0856332077451947,0.0841160716328372,0.0218608290470107,0.0211823299105678,0.0725956555000182,0.0709869439047988,0.0016294099931206,0.0856332077451947,0.0725956555000182,0.0016294099931206,0.0709869439047988,0.0841160716328372,0.0709869439047988,0.0016294099931206,0.0693791983685322,0.0218608290470107,0.0016294099931206,0.0709869439047988,0.0693791983685322,3
23,0.0213226661357513,0.0862005410449807,0.084673353670274,0.0233116943009547,0.0213226661357513,0.0730766129915033,0.0714572434321395,0.0110028302171706,0.0862005410449807,0.0730766129915033,0.0016402050873654,0.064449833925222,0.084673353670274,0.0714572434321395,0.0016402050873654,0.0628650191946382,0.0233116943009547,0.0110028302171706,0.064449833925222,0.0628650191946382,3
24,0.0020334295998572,0.0264345847981447,0.0283223970011314,0.106536963766786,0.0020334295998572,0.0245700233391436,0.0264345847981447,0.1046771953893291,0.0264345847981447,0.0245700233391436,0.0020334295998572,0.0902989283928631,0.0283223970011314,0.0264345847981447,0.0020334295998572,0.0886584633147424,0.106536963766786,0.1046771953893291,0.0902989283928631,0.0886584633147424,3
25,0.0020052660176808,0.0260684582298514,0.0242297214809249,0.1050613963145952,0.0020052660176808,0.027930123693302,0.0260684582298514,0.106901557052898,0.0260684582298514,0.027930123693302,0.0020052660176808,0.0890482623799298,0.0242297214809249,0.0260684582298514,0.0020052660176808,0.0906814905832851,0.1050613963145952,0.106901557052898,0.0890482623799298,0.0906814905832851,3
26,0.0213381663084434,0.0862632031559872,0.0847349056167312,0.0244011267140797,0.0213381663084434,0.0731297348719433,0.0715091881376586,0.0103811087117151,0.0862632031559872,0.0731297348719433,0.0016413974083418,0.064098617882678,0.0847349056167312,0.0715091881376586,0.0016413974083418,0.0625025511924212,0.0244011267140797,0.0103811087117151,0.064098617882678,0.0625025511924212,3
27,0.0213381663084434,0.0862632031559872,0.0847349056167312,0.0244011267140797,0.0213381663084434,0.0731297348719433,0.0715091881376586,0.0103811087117151,0.0862632031559872,0.0731297348719433,0.0016413974083418,0.064098617882678,0.0847349056167312,0.0715091881376586,0.0016413974083418,0.0625025511924212,0.0244011267140797,0.0103811087117151,0.064098617882678,0.0625025511924212,3
28,0.0020052660176808,0.0260684582298514,0.0242297214809249,0.1050613963145952,0.0020052660176808,0.027930123693302,0.0260684582298514,0.106901557052898,0.0260684582298514,0.027930123693302,0.0020052660176808,0.0890482623799298,0.0242297214809249,0.0260684582298514,0.0020052660176808,0.0906814905832851,0.1050613963145952,0.106901557052898,0.0890482623799298,0.0906814905832851,3
29,0.0020334295998572,0.0264345847981447,0.0283223970011314,0.106536963766786,0.0020334295998572,0.0245700233391436,0.0264345847981447,0.1046771953893291,0.0264345847981447,0.0245700233391436,0.0020334295998572,0.0902989283928631,0.0283223970011314,0.0264345847981447,0.0020334295998572,0.0886584633147424,0.106536963766786,0.1046771953893291,0.0902989283928631,0.0886584633147424,3
30,0.096538513339416,0.0752166305239107,0.0768529728285832,0.0420717934927921,0.096538513339416,0.0216680760401993,0.0204416220531208,0.0660076603051056,0.0752166305239107,0.0216680760401993,0.0021668076040199,0.0484512909675201,0.0768529728285832,0.0204416220531208,0.0021668076040199,0.0505846328453319,0.0420717934927921,0.0660076603051056,0.0484512909675201,0.0505846328453319,4
31,0.0966128191351066,0.075274524843876,0.0769121266429488,0.0399847106750547,0.0966128191351066,0.0216847539812153,0.0204573559912074,0.0669423493111961,0.075274524843876,0.0216847539812153,0.0021684753981215,0.0489230349232291,0.0769121266429488,0.0204573559912074,0.0021684753981215,0.0510398490980442,0.0399847106750547,0.0669423493111961,0.0489230349232291,0.0510398490980442,4
32,0.0949213157793395,0.0740801083749708,0.0397895500586737,0.0368896676379753,0.0949213157793395,0.0215060523596812,0.0654081047340503,0.0666874374123671,0.0740801083749708,0.0215060523596812,0.0485491872596549,0.0491862235173004,0.0397895500586737,0.0654081047340503,0.0485491872596549,0.0029823528659863,0.0368896676379753,0.0666874374123671,0.0491862235173004,0.0029823528659863,4
33,0.0949213157793395,0.0740801083749708,0.0397895500586737,0.0368896676379753,0.0949213157793395,0.0215060523596812,0.0654081047340503,0.0666874374123671,0.0740801083749708,0.0215060523596812,0.0485491872596549,0.0491862235173004,0.0397895500586737,0.0654081047340503,0.0485491872596549,0.0029823528659863,0.0368896676379753,0.0666874374123671,0.0491862235173004,0.0029823528659863,4
34,0.096538513339416,0.0768529728285832,0.0752166305239107,0.0420717934927921,0.096538513339416,0.0204416220531208,0.0216680760401993,0.0660076603051056,0.0768529728285832,0.0204416220531208,0.0021668076040199,0.0505846328453319,0.0752166305239107,0.0216680760401993,0.0021668076040199,0.0484512909675201,0.0420717934927921,0.0660076603051056,0.0505846328453319,0.0484512909675201,4
35,0.0966128191351065,0.0769121266429488,0.075274524843876,0.0399847106750547,0.0966128191351065,0.0204573559912074,0.0216847539812153,0.0669423493111961,0.0769121266429488,0.0204573559912074,0.0021684753981215,0.0510398490980442,0.075274524843876,0.0216847539812153,0.0021684753981215,0.0489230349232291,0.0399847106750547,0.0669423493111961,0.0510398490980442,0.0489230349232291,4
36,0.0949213157793395,0.0740801083749708,0.0397895500586737,0.0368896676379753,0.0949213157793395,0.0215060523596812,0.0654081047340503,0.0666874374123671,0.0740801083749708,0.0215060523596812,0.0485491872596549,0.0491862235173004,0.0397895500586737,0.0654081047340503,0.0485491872596549,0.0029823528659863,0.0368896676379753,0.0666874374123671,0.0491862235173004,0.0029823528659863,4
37,0.0949213157793395,0.0740801083749708,0.0397895500586737,0.0368896676379753,0.0949213157793395,0.0215060523596812,0.0654081047340503,0.0666874374123671,0.0740801083749708,0.0215060523596812,0.0485491872596549,0.0491862235173004,0.0397895500586737,0.0654081047340503,0.0485491872596549,0.0029823528659863,0.0368896676379753,0.0666874374123671,0.0491862235173004,0.0029823528659863,4
38,0.0941821847484391,0.0749771322866756,0.0389787550101877,0.0410448979414571,0.0941821847484391,0.0199426794360912,0.0652581796780488,0.0643965340113582,0.0749771322866756,0.0199426794360912,0.0497557626443145,0.049349954451037,0.0389787550101877,0.0652581796780488,0.0497557626443145,0.0021139197923903,0.0410448979414571,0.0643965340113582,0.049349954451037,0.0021139197923903,4
39,0.0941821847484391,0.0749771322866756,0.0410448979414571,0.0389787550101877,0.0941821847484391,0.0199426794360912,0.0643965340113582,0.0652581796780488,0.0749771322866756,0.0199426794360912,0.049349954451037,0.0497557626443145,0.0410448979414571,0.0643965340113582,0.049349954451037,0.0021139197923903,0.0389787550101877,0.0652581796780488,0.0497557626443145,0.0021139197923903,4
40,0.0109967401433576,0.0017387372845008,0.0616700481546575,0.0577983054741853,0.0109967401433576,0.0126581984997552,0.053704187980694,0.068784587620799,0.0017387372845008,0.0126581984997552,0.0632909924987764,0.0561264826350529,0.0616700481546575,0.053704187980694,0.0632909924987764,0.1132317197082208,0.0577983054741853,0.068784587620799,0.0561264826350529,0.1132317197082208,5
41,0.0109967401433576,0.0017387372845008,0.0616700481546575,0.0577983054741853,0.0109967401433576,0.0126581984997552,0.053704187980694,0.068784587620799,0.0017387372845008,0.0126581984997552,0.0632909924987764,0.0561264826350529,0.0616700481546575,0.053704187980694,0.0632909924987764,0.1132317197082208,0.0577983054741853,0.068784587620799,0.0561264826350529,0.1132317197082208,5
42,0.0626301113858787,0.0720526540208701,0.0151900332110692,0.0107409754899959,0.0626301113858787,0.0107409754899959,0.0774542757553646,0.0720526540208701,0.0720526540208701,0.0107409754899959,0.0865965128685046,0.0818008322674545,0.0151900332110692,0.0774542757553646,0.0865965128685046,0.0107409754899959,0.0107409754899959,0.0720526540208701,0.0818008322674545,0.0107409754899959,5
43,0.0720526540208701,0.0626301113858787,0.0107409754899959,0.0151900332110692,0.0720526540208701,0.0107409754899959,0.0818008322674545,0.0865965128685046,0.0626301113858787,0.0107409754899959,0.0720526540208701,0.0774542757553646,0.0107409754899959,0.0818008322674545,0.0720526540208701,0.0107409754899959,0.0151900332110692,0.0865965128685046,0.0774542757553646,0.0107409754899959,5
44,0.0109967401433576,0.0017387372845008,0.0616700481546575,0.0577983054741853,0.0109967401433576,0.0126581984997552,0.053704187980694,0.068784587620799,0.0017387372845008,0.0126581984997552,0.0632909924987764,0.0561264826350529,0.0616700481546575,0.053704187980694,0.0632909924987764,0.1132317197082208,0.0577983054741853,0.068784587620799,0.0561264826350529,0.1132317197082208,5
45,0.0109967401433576,0.0017387372845008,0.0616700481546575,0.0577983054741853,0.0109967401433576,0.0126581984997552,0.053704187980694,0.068784587620799,0.0017387372845008,0.0126581984997552,0.0632909924987764,0.0561264826350529,0.0616700481546575,0.053704187980694,0.0632909924987764,0.1132317197082208,0.0577983054741853,0.068784587620799,0.0561264826350529,0.1132317197082208,5
46,0.0626301113858787,0.0720526540208701,0.0107409754899959,0.0151900332110692,0.0626301113858787,0.0107409754899959,0.0720526540208701,0.0774542757553646,0.0720526540208701,0.0107409754899959,0.0818008322674545,0.0865965128685046,0.0107409754899959,0.0720526540208701,0.0818008322674545,0.0107409754899959,0.0151900332110692,0.0774542757553646,0.0865965128685046,0.0107409754899959,5
47,0.0626301113858787,0.0720526540208701,0.0107409754899959,0.0151900332110692,0.0626301113858787,0.0107409754899959,0.0720526540208701,0.0774542757553646,0.0720526540208701,0.0107409754899959,0.0818008322674545,0.0865965128685046,0.0107409754899959,0.0720526540208701,0.0818008322674545,0.0107409754899959,0.0151900332110692,0.0774542757553646,0.0865965128685046,0.0107409754899959,5
48,0.0109967401433576,0.0017387372845008,0.0616700481546575,0.0577983054741853,0.0109967401433576,0.0126581984997552,0.053704187980694,0.068784587620799,0.0017387372845008,0.0126581984997552,0.0632909924987764,0.0561264826350529,0.0616700481546575,0.053704187980694,0.0632909924987764,0.1132317197082208,0.0577983054741853,0.068784587620799,0.0561264826350529,0.1132317197082208,5
49,0.0109967401433576,0.0017387372845008,0.0616700481546575,0.0577983054741853,0.0109967401433576,0.0126581984997552,0.053704187980694,0.068784587620799,0.0017387372845008,0.0126581984997552,0.0632909924987764,0.0561264826350529,0.0616700481546575,0.053704187980694,0.0632909924987764,0.1132317197082208,0.0577983054741853,0.068784587620799,0.0561264826350529,0.1132317197082208,5
50,0.0713555216778308,0.0595571306294213,0.0976678454623586,0.0513706575093598,0.0713555216778308,0.0335474617991775,0.0571632238493525,0.033892727791723,0.0595571306294213,0.0335474617991775,0.0393994957637482,0.0083578951889631,0.0976678454623586,0.0571632238493525,0.0393994957637482,0.0476880403280645,0.0513706575093598,0.033892727791723,0.0083578951889631,0.0476880403280645,6
51,0.0713555216778308,0.0595571306294213,0.0976678454623586,0.0513706575093598,0.0713555216778308,0.0335474617991775,0.0571632238493525,0.033892727791723,0.0595571306294213,0.0335474617991775,0.0393994957637482,0.0083578951889631,0.0976678454623586,0.0571632238493525,0.0393994957637482,0.0476880403280645,0.0513706575093598,0.033892727791723,0.0083578951889631,0.0476880403280645,6
52,0.0690459365983088,0.0675943201877295,0.0570710372661596,0.0934389979155019,0.0690459365983088,0.0018654252094944,0.0317670466292196,0.054097331075338,0.0675943201877295,0.0018654252094944,0.0319309361776266,0.05546307881465,0.0570710372661596,0.0317670466292196,0.0319309361776266,0.0377258901259714,0.0934389979155019,0.054097331075338,0.05546307881465,0.0377258901259714,6
53,0.0675943201877294,0.0690459365983088,0.0570710372661596,0.0934389979155018,0.0675943201877294,0.0018654252094944,0.0319309361776266,0.05546307881465,0.0690459365983088,0.0018654252094944,0.0317670466292196,0.054097331075338,0.0570710372661596,0.0319309361776266,0.0317670466292196,0.0377258901259714,0.0934389979155018,0.05546307881465,0.054097331075338,0.0377258901259714,6
54,0.0713555216778308,0.0595571306294213,0.0976678454623586,0.0513706575093598,0.0713555216778308,0.0335474617991775,0.0571632238493525,0.033892727791723,0.0595571306294213,0.0335474617991775,0.0393994957637482,0.0083578951889631,0.0976678454623586,0.0571632238493525,0.0393994957637482,0.0476880403280645,0.0513706575093598,0.033892727791723,0.0083578951889631,0.0476880403280645,6
55,0.0713555216778308,0.0595571306294213,0.0976678454623586,0.0513706575093598,0.0713555216778308,0.0335474617991775,0.0571632238493525,0.033892727791723,0.0595571306294213,0.0335474617991775,0.0393994957637482,0.0083578951889631,0.0976678454623586,0.0571632238493525,0.0393994957637482,0.0476880403280645,0.0513706575093598,0.033892727791723,0.0083578951889631,0.0476880403280645,6
56,0.0690459365983088,0.0675943201877295,0.0570710372661596,0.0934389979155019,0.0690459365983088,0.0018654252094944,0.0317670466292196,0.054097331075338,0.0675943201877295,0.0018654252094944,0.0319309361776266,0.05546307881465,0.0570710372661596,0.0317670466292196,0.0319309361776266,0.0377258901259714,0.0934389979155019,0.054097331075338,0.05546307881465,0.0377258901259714,6
57,0.0690459365983088,0.0675943201877295,0.0570710372661596,0.0934389979155019,0.0690459365983088,0.0018654252094944,0.0317670466292196,0.054097331075338,0.0675943201877295,0.0018654252094944,0.0319309361776266,0.05546307881465,0.0570710372661596,0.0317670466292196,0.0319309361776266,0.0377258901259714,0.0934389979155019,0.054097331075338,0.05546307881465,0.0377258901259714,6
58,0.0713555216778308,0.0595571306294213,0.0976678454623586,0.0513706575093598,0.0713555216778308,0.0335474617991775,0.0571632238493525,0.033892727791723,0.0595571306294213,0.0335474617991775,0.0393994957637482,0.0083578951889631,0.0976678454623586,0.0571632238493525,0.0393994957637482,0.0476880403280645,0.0513706575093598,0.033892727791723,0.0083578951889631,0.0476880403280645,6
59,0.0713555216778308,0.0595571306294213,0.0976678454623586,0.0513706575093598,0.0713555216778308,0.0335474617991775,0.0571632238493525,0.033892727791723,0.0595571306294213,0.0335474617991775,0.0393994957637482,0.0083578951889631,0.0976678454623586,0.0571632238493525,0.0393994957637482,0.0476880403280645,0.0513706575093598,0.033892727791723,0.0083578951889631,0.0476880403280645,6
60,0.1009526892292765,0.117266449760053,0.0983156173775231,0.0993080675817204,0.1009526892292765,0.0250818972920081,0.0027205137312579,0.0019236937076835,0.117266449760053,0.0250818972920081,0.0272051373125791,0.0253022403002143,0.0983156173775231,0.0027205137312579,0.0272051373125791,0.0019236937076835,0.0993080675817204,0.0019236937076835,0.0253022403002143,0.0019236937076835,7
61,0.1009526892292765,0.117266449760053,0.0993080675817204,0.0983156173775231,0.1009526892292765,0.0250818972920081,0.0019236937076835,0.0027205137312579,0.117266449760053,0.0250818972920081,0.0253022403002143,0.0272051373125791,0.0993080675817204,0.0019236937076835,0.0253022403002143,0.0019236937076835,0.0983156173775231,0.0027205137312579,0.0272051373125791,0.0019236937076835,7
62,0.100426987601598,0.1008832688587331,0.1171765778788681,0.0985621087806476,0.100426987601598,0.0019168108606944,0.0245471561613747,0.0019168108606944,0.1008832688587331,0.0019168108606944,0.0257880526891313,0.0027107799156981,0.1171765778788681,0.0245471561613747,0.0257880526891313,0.0260714463925598,0.0985621087806476,0.0019168108606944,0.0027107799156981,0.0260714463925598,7
63,0.1008832688587331,0.100426987601598,0.1171765778788681,0.0985621087806476,0.1008832688587331,0.0019168108606944,0.0257880526891313,0.0027107799156981,0.100426987601598,0.0019168108606944,0.0245471561613747,0.0019168108606944,0.1171765778788681,0.0257880526891313,0.0245471561613747,0.0260714463925598,0.0985621087806476,0.0027107799156981,0.0019168108606944,0.0260714463925598,7
64,0.1009526892292765,0.117266449760053,0.0983156173775231,0.0993080675817204,0.1009526892292765,0.0250818972920081,0.0027205137312579,0.0019236937076835,0.117266449760053,0.0250818972920081,0.0272051373125791,0.0253022403002143,0.0983156173775231,0.0027205137312579,0.0272051373125791,0.0019236937076835,0.0993080675817204,0.0019236937076835,0.0253022403002143,0.0019236937076835,7
65,0.1009526892292765,0.117266449760053,0.0993080675817204,0.0983156173775231,0.1009526892292765,0.0250818972920081,0.0019236937076835,0.0027205137312579,0.117266449760053,0.0250818972920081,0.0253022403002143,0.0272051373125791,0.0993080675817204,0.0019236937076835,0.0253022403002143,0.0019236937076835,0.0983156173775231,0.0027205137312579,0.0272051373125791,0.0019236937076835,7
66,0.100426987601598,0.1008832688587331,0.1171765778788681,0.0985621087806476,0.100426987601598,0.0019168108606944,0.0245471561613747,0.0019168108606944,0.1008832688587331,0.0019168108606944,0.0257880526891313,0.0027107799156981,0.1171765778788681,0.0245471561613747,0.0257880526891313,0.0260714463925598,0.0985621087806476,0.0019168108606944,0.0027107799156981,0.0260714463925598,7
67,0.100426987601598,0.1008832688587331,0.1171765778788681,0.0985621087806476,0.100426987601598,0.0019168108606944,0.0245471561613747,0.0019168108606944,0.1008832688587331,0.0019168108606944,0.0257880526891313,0.0027107799156981,0.1171765778788681,0.0245471561613747,0.0257880526891313,0.0260714463925598,0.0985621087806476,0.0019168108606944,0.0027107799156981,0.0260714463925598,7
68,0.0769699915802073,0.0894081942698215,0.0757160723896295,0.0431616876063702,0.0769699915802073,0.0191233481556588,0.0014666938504929,0.0524740344301296,0.0894081942698215,0.0191233481556588,0.0192913456564274,0.0705539200143034,0.0757160723896295,0.0014666938504929,0.0192913456564274,0.0518347120469589,0.0431616876063702,0.0524740344301296,0.0705539200143034,0.0518347120469589,7
69,0.0769699915802073,0.0894081942698215,0.0757160723896295,0.0431616876063702,0.0769699915802073,0.0191233481556588,0.0014666938504929,0.0524740344301296,0.0894081942698215,0.0191233481556588,0.0192913456564274,0.0705539200143034,0.0757160723896295,0.0014666938504929,0.0192913456564274,0.0518347120469589,0.0431616876063702,0.0524740344301296,0.0705539200143034,0.0518347120469589,7
70,0.0725826257185806,0.0468467061489293,0.0455232630714488,0.044879337238762,0.0725826257185806,0.09486655508032,0.0924739232770919,0.0945900204043417,0.0468467061489293,0.09486655508032,0.0024127281173353,0.0024127281173353,0.0455232630714488,0.0924739232770919,0.0024127281173353,0.0034121128258545,0.044879337238762,0.0945900204043417,0.0024127281173353,0.0034121128258545,8
71,0.0725826257185806,0.0455232630714488,0.0468467061489293,0.044879337238762,0.0725826257185806,0.0924739232770919,0.09486655508032,0.0945900204043417,0.0455232630714488,0.0924739232770919,0.0024127281173353,0.0034121128258545,0.0468467061489293,0.09486655508032,0.0024127281173353,0.0024127281173353,0.044879337238762,0.0945900204043417,0.0034121128258545,0.0024127281173353,8
72,0.0729277881539644,0.0464825268600281,0.046048969500864,0.0436858882579072,0.0729277881539644,0.0938546917291838,0.0953390116268899,0.0934875924408002,0.0464825268600281,0.0938546917291838,0.0023939719297116,0.0033855875709387,0.046048969500864,0.0953390116268899,0.0023939719297116,0.0023939719297116,0.0436858882579072,0.0934875924408002,0.0033855875709387,0.0023939719297116,8
73,0.0729277881539644,0.0464825268600281,0.0436858882579072,0.046048969500864,0.0729277881539644,0.0938546917291838,0.0934875924408002,0.0953390116268899,0.0464825268600281,0.0938546917291838,0.0033855875709387,0.0023939719297116,0.0436858882579072,0.0934875924408002,0.0033855875709387,0.0023939719297116,0.046048969500864,0.0953390116268899,0.0023939719297116,0.0023939719297116,8
74,0.0725826257185806,0.0468467061489293,0.0455232630714488,0.044879337238762,0.0725826257185806,0.09486655508032,0.0924739232770919,0.0945900204043417,0.0468467061489293,0.09486655508032,0.0024127281173353,0.0024127281173353,0.0455232630714488,0.0924739232770919,0.0024127281173353,0.0034121128258545,0.044879337238762,0.0945900204043417,0.0024127281173353,0.0034121128258545,8
75,0.0725826257185806,0.0455232630714488,0.0468467061489293,0.044879337238762,0.0725826257185806,0.0924739232770919,0.09486655508032,0.0945900204043417,0.0455232630714488,0.0924739232770919,0.0024127281173353,0.0034121128258545,0.0468467061489293,0.09486655508032,0.0024127281173353,0.0024127281173353,0.044879337238762,0.0945900204043417,0.0034121128258545,0.0024127281173353,8
76,0.0729277881539644,0.0464825268600281,0.0436858882579072,0.046048969500864,0.0729277881539644,0.0938546917291838,0.0934875924408002,0.0953390116268899,0.0464825268600281,0.0938546917291838,0.0033855875709387,0.0023939719297116,0.0436858882579072,0.0934875924408002,0.0033855875709387,0.0023939719297116,0.046048969500864,0.0953390116268899,0.0023939719297116,0.0023939719297116,8
77,0.0729277881539644,0.0464825268600281,0.0436858882579072,0.046048969500864,0.0729277881539644,0.0938546917291838,0.0934875924408002,0.0953390116268899,0.0464825268600281,0.0938546917291838,0.0033855875709387,0.0023939719297116,0.0436858882579072,0.0934875924408002,0.0033855875709387,0.0023939719297116,0.046048969500864,0.0953390116268899,0.0023939719297116,0.0023939719297116,8
78,0.0725826257185806,0.0455232630714488,0.0468467061489293,0.044879337238762,0.0725826257185806,0.0924739232770919,0.09486655508032,0.0945900204043417,0.0455232630714488,0.0924739232770919,0.0024127281173353,0.0034121128258545,0.0468467061489293,0.09486655508032,0.0024127281173353,0.0024127281173353,0.044879337238762,0.0945900204043417,0.0034121128258545,0.0024127281173353,8
79,0.0725826257185806,0.0468467061489293,0.0455232630714488,0.044879337238762,0.0725826257185806,0.09486655508032,0.0924739232770919,0.0945900204043417,0.0468467061489293,0.09486655508032,0.0024127281173353,0.0024127281173353,0.0455232630714488,0.0924739232770919,0.0024127281173353,0.0034121128258545,0.044879337238762,0.0945900204043417,0.0024127281173353,0.0034121128258545,8
80,0.0393408314262816,0.0870396814504377,0.0191664592387557,0.0024540136402913,0.0393408314262816,0.0510647159586403,0.0548734131740309,0.0395697809717379,0.0870396814504377,0.0510647159586403,0.0976993345452071,0.0879687733605257,0.0191664592387557,0.0548734131740309,0.0976993345452071,0.0208229962340912,0.0024540136402913,0.0395697809717379,0.0879687733605257,0.0208229962340912,9
81,0.0390239317099613,0.0863385561981173,0.0190120688693756,0.0034425436778013,0.0390239317099613,0.0506533775752207,0.0544313948323251,0.0416675793828725,0.0863385561981173,0.0506533775752207,0.0969123432621156,0.0895061356228344,0.0190120688693756,0.0544313948323251,0.0969123432621156,0.0190120688693756,0.0034425436778013,0.0416675793828725,0.0895061356228344,0.0190120688693756,9
82,0.0325979374869881,0.0168248766037375,0.0728912041471941,0.0748077811110511,0.0325979374869881,0.0463360137484675,0.0425639451352712,0.0446121659912604,0.0168248766037375,0.0463360137484675,0.0827674491578067,0.0845117575141821,0.0728912041471941,0.0425639451352712,0.0827674491578067,0.0020868691040407,0.0748077811110511,0.0446121659912604,0.0845117575141821,0.0020868691040407,9
83,0.0325979374869881,0.0748077811110511,0.0728912041471942,0.0168248766037376,0.0325979374869881,0.0446121659912604,0.0425639451352712,0.0463360137484675,0.0748077811110511,0.0446121659912604,0.0020868691040407,0.0845117575141821,0.0728912041471942,0.0425639451352712,0.0020868691040407,0.0827674491578067,0.0168248766037376,0.0463360137484675,0.0845117575141821,0.0827674491578067,9
84,0.0393408314262816,0.0191664592387557,0.0870396814504377,0.0024540136402913,0.0393408314262816,0.054873413174031,0.0510647159586403,0.0395697809717379,0.0191664592387557,0.054873413174031,0.0976993345452071,0.0208229962340912,0.0870396814504377,0.0510647159586403,0.0976993345452071,0.0879687733605257,0.0024540136402913,0.0395697809717379,0.0208229962340912,0.0879687733605257,9
85,0.0390239317099614,0.0190120688693756,0.0863385561981173,0.0034425436778013,0.0390239317099614,0.0544313948323251,0.0506533775752208,0.0416675793828725,0.0190120688693756,0.0544313948323251,0.0969123432621156,0.0190120688693756,0.0863385561981173,0.0506533775752208,0.0969123432621156,0.0895061356228345,0.0034425436778013,0.0416675793828725,0.0190120688693756,0.0895061356228345,9
86,0.0325979374869881,0.0168248766037375,0.0728912041471941,0.0748077811110511,0.0325979374869881,0.0463360137484675,0.0425639451352712,0.0446121659912604,0.0168248766037375,0.0463360137484675,0.0827674491578067,0.0845117575141821,0.0728912041471941,0.0425639451352712,0.0827674491578067,0.0020868691040407,0.0748077811110511,0.0446121659912604,0.0845117575141821,0.0020868691040407,9
87,0.0325979374869881,0.0168248766037375,0.0728912041471941,0.0748077811110511,0.0325979374869881,0.0463360137484675,0.0425639451352712,0.0446121659912604,0.0168248766037375,0.0463360137484675,0.0827674491578067,0.0845117575141821,0.0728912041471941,0.0425639451352712,0.0827674491578067,0.0020868691040407,0.0748077811110511,0.0446121659912604,0.0845117575141821,0.0020868691040407,9
88,0.0390239317099614,0.0190120688693756,0.0863385561981173,0.0034425436778013,0.0390239317099614,0.0544313948323251,0.0506533775752208,0.0416675793828725,0.0190120688693756,0.0544313948323251,0.0969123432621156,0.0190120688693756,0.0863385561981173,0.0506533775752208,0.0969123432621156,0.0895061356228345,0.0034425436778013,0.0416675793828725,0.0190120688693756,0.0895061356228345,9
89,0.0393408314262816,0.0191664592387557,0.0870396814504377,0.0024540136402913,0.0393408314262816,0.054873413174031,0.0510647159586403,0.0395697809717379,0.0191664592387557,0.054873413174031,0.0976993345452071,0.0208229962340912,0.0870396814504377,0.0510647159586403,0.0976993345452071,0.0879687733605257,0.0024540136402913,0.0395697809717379,0.0208229962340912,0.0879687733605257,9
90,0.0192549282569913,0.0170974822423661,0.0459394814289236,0.0689092221433854,0.0192549282569913,0.0026701781206139,0.0287586984878216,0.0871803955871309,0.0170974822423661,0.0026701781206139,0.0298534989486271,0.0854874112118305,0.0459394814289236,0.0287586984878216,0.0298534989486271,0.1148487035723091,0.0689092221433854,0.0871803955871309,0.0854874112118305,0.1148487035723091,10
91,0.0170974822423661,0.0192549282569913,0.0459394814289236,0.0689092221433854,0.0170974822423661,0.0026701781206139,0.0298534989486271,0.0854874112118305,0.0192549282569913,0.0026701781206139,0.0287586984878216,0.0871803955871309,0.0459394814289236,0.0298534989486271,0.0287586984878216,0.1148487035723091,0.0689092221433854,0.0854874112118305,0.0871803955871309,0.1148487035723091,10
92,0.0027054932683129,0.0164568730784679,0.0440422395388215,0.0711704160927944,0.0027054932683129,0.0191307263647862,0.0467040550682293,0.0684976185115386,0.0164568730784679,0.0191307263647862,0.0291390542689161,0.0869554122588572,0.0440422395388215,0.0467040550682293,0.0291390542689161,0.1151981115492755,0.0711704160927944,0.0684976185115386,0.0869554122588572,0.1151981115492755,10
93,0.0027054932683129,0.0191307263647862,0.0467040550682293,0.0684976185115386,0.0027054932683129,0.0164568730784679,0.0440422395388215,0.0711704160927944,0.0191307263647862,0.0164568730784679,0.0291390542689161,0.0869554122588572,0.0467040550682293,0.0440422395388215,0.0291390542689161,0.1151981115492755,0.0684976185115386,0.0711704160927944,0.0869554122588572,0.1151981115492755,10
94,0.0192549282569913,0.0170974822423661,0.0459394814289236,0.0689092221433854,0.0192549282569913,0.0026701781206139,0.0287586984878216,0.0871803955871309,0.0170974822423661,0.0026701781206139,0.0298534989486271,0.0854874112118305,0.0459394814289236,0.0287586984878216,0.0298534989486271,0.1148487035723091,0.0689092221433854,0.0871803955871309,0.0854874112118305,0.1148487035723091,10
95,0.0170974822423661,0.0192549282569913,0.0459394814289236,0.0689092221433854,0.0170974822423661,0.0026701781206139,0.0298534989486271,0.0854874112118305,0.0192549282569913,0.0026701781206139,0.0287586984878216,0.0871803955871309,0.0459394814289236,0.0298534989486271,0.0287586984878216,0.1148487035723091,0.0689092221433854,0.0854874112118305,0.0871803955871309,0.1148487035723091,10
96,0.0027054932683129,0.0191307263647862,0.0467040550682293,0.0684976185115386,0.0027054932683129,0.0164568730784679,0.0440422395388215,0.0711704160927944,0.0191307263647862,0.0164568730784679,0.0291390542689161,0.0869554122588572,0.0467040550682293,0.0440422395388215,0.0291390542689161,0.1151981115492755,0.0684976185115386,0.0711704160927944,0.0869554122588572,0.1151981115492755,10
97,0.0027054932683129,0.0191307263647862,0.0467040550682293,0.0684976185115386,0.0027054932683129,0.0164568730784679,0.0440422395388215,0.0711704160927944,0.0191307263647862,0.0164568730784679,0.0291390542689161,0.0869554122588572,0.0467040550682293,0.0440422395388215,0.0291390542689161,0.1151981115492755,0.0684976185115386,0.0711704160927944,0.0869554122588572,0.1151981115492755,10
98,0.0170974822423661,0.0192549282569913,0.0459394814289236,0.0689092221433854,0.0170974822423661,0.0026701781206139,0.0298534989486271,0.0854874112118305,0.0192549282569913,0.0026701781206139,0.0287586984878216,0.0871803955871309,0.0459394814289236,0.0298534989486271,0.0287586984878216,0.1148487035723091,0.0689092221433854,0.0854874112118305,0.0871803955871309,0.1148487035723091,10
99,0.0192549282569913,0.0170974822423661,0.0459394814289236,0.0689092221433854,0.0192549282569913,0.0026701781206139,0.0287586984878216,0.0871803955871309,0.0170974822423661,0.0026701781206139,0.0298534989486271,0.0854874112118305,0.0459394814289236,0.0287586984878216,0.0298534989486271,0.1148487035723091,0.0689092221433854,0.0871803955871309,0.0854874112118305,0.1148487035723091,10
